x,y,pearson_r,pearson_p,spearman_rho,spearman_p
AA identity,- |GC diff|,0.6452518787960485,0.0,0.7142728398456316,0.0
AA identity,- mean LCR fraction,-0.12665322069959825,0.0,-0.1342746544930982,0.0
AA identity,- mean repeat fraction,-0.011545262089906057,4.217231649457152e-06,-0.04529352951301314,7.008552179667637e-73
