x,y,pearson_r,pearson_p,spearman_rho,spearman_p
AA identity,- |GC diff|,0.5532326762839038,0.0,0.5440161239867589,0.0
AA identity,- mean LCR fraction,-0.06057843061693759,3.2178240042766623e-131,-0.08645899711088723,1.1865442186057154e-265
AA identity,- mean repeat fraction,0.3162093488814231,0.0,0.39473961495691245,0.0
