x,y,pearson_r,pearson_p,spearman_rho,spearman_p
AA identity,- |GC diff|,0.32679609115602026,0.0,0.41469502555093846,0.0
AA identity,- mean LCR fraction,-0.10784143492812198,5.797169621048846e-161,-0.05672556487791531,1.0509077962711455e-45
AA identity,- mean repeat fraction,-0.13559641957607046,3.971378088008634e-254,-0.1035881799811768,1.3153189676540696e-148
