x,y,pearson_r,pearson_p,spearman_rho,spearman_p
AA identity,- |GC diff|,0.37179590024400805,0.0,0.39271200768906744,0.0
AA identity,- mean LCR fraction,0.04861774568505706,3.222350291512352e-75,0.008514497218029804,0.0013179142643331449
AA identity,- mean repeat fraction,-0.021258454091727275,1.0539902251924012e-15,-0.01984199942960097,7.106235776570083e-14
