x,y,pearson_r,pearson_p,spearman_rho,spearman_p
AA identity,- |GC diff|,0.6563268898130853,0.0,0.6424518011686043,0.0
AA identity,- mean LCR fraction,-0.08663690670496574,3.835551569806767e-86,-0.09312481817079683,2.7537246443863343e-99
AA identity,- mean repeat fraction,0.04608433329814894,1.4765418663249456e-25,0.02351359798236957,9.851944053904886e-08
