x,y,pearson_r,pearson_p,spearman_rho,spearman_p
AA identity,- |GC diff|,0.33670063093937097,0.0,0.33284879147617785,0.0
AA identity,- mean LCR fraction,0.15118924711481596,0.0,0.23065258958536072,0.0
AA identity,- mean repeat fraction,-0.05435870016152362,1.3883468174938514e-93,-0.021811270268513854,1.887535330857163e-16
