x,y,pearson_r,pearson_p,spearman_rho,spearman_p
AA identity,- |GC diff|,0.9190217168982785,0.0,0.8736322322847222,0.0
AA identity,- mean LCR fraction,0.5746574550906458,0.0,0.6090763735659364,0.0
AA identity,- mean repeat fraction,0.2427083452582701,1.0938521062955949e-226,0.23244814493192822,1.4185174670635608e-207
