x,y,pearson_r,pearson_p,spearman_rho,spearman_p
AA identity,- |GC diff|,0.32205340107155594,0.0,0.2366894526277938,0.0
AA identity,- mean LCR fraction,-0.10031531150350666,0.0,-0.045333786164751984,2.9829579202007263e-80
AA identity,- mean repeat fraction,0.027857549952643716,2.1971741068629094e-31,0.09625717332066108,0.0
