x,y,pearson_r,pearson_p,spearman_rho,spearman_p
AA identity,- |GC diff|,0.21745088232339826,0.0,0.2548009652065567,0.0
AA identity,- mean LCR fraction,0.04701802403424295,9.043909647603856e-39,0.09131886576769319,1.4003949185690552e-141
AA identity,- mean repeat fraction,0.04761998690502384,1.0017522553208076e-39,0.05516718259860284,9.860247198241574e-53
