x,y,pearson_r,pearson_p,spearman_rho,spearman_p
AA identity,- |GC diff|,0.3102085244002928,0.0,0.3015230919289174,0.0
AA identity,- mean LCR fraction,0.05361702816065632,2.1070204887841602e-80,0.042810231990141334,6.746181149552834e-52
AA identity,- mean repeat fraction,-0.28376085758319736,0.0,-0.19607163862833296,0.0
