x,y,pearson_r,pearson_p,spearman_rho,spearman_p
AA identity,- |GC diff|,0.7105792507821577,0.0,0.7020426551674981,0.0
AA identity,- mean LCR fraction,-0.18679816609938224,0.0,-0.1689219701105851,0.0
AA identity,- mean repeat fraction,-0.043737313745035505,2.3120003393453718e-31,-0.014005378944497004,0.0001924657931196583
