x,y,pearson_r,pearson_p,spearman_rho,spearman_p
AA identity,- |GC diff|,0.40639026953388024,0.0,0.47128168245669266,0.0
AA identity,- mean LCR fraction,0.0962114329305516,5.6033764705833314e-132,0.06292401933412423,2.183816589129203e-57
AA identity,- mean repeat fraction,-0.14480022130822826,4.552397917076767e-298,-0.09231640891737294,1.2726233740765033e-121
