x,y,pearson_r,pearson_p,spearman_rho,spearman_p
AA identity,- |GC diff|,0.3152807497286488,0.0,0.24656167638118182,0.0
AA identity,- mean LCR fraction,0.11817034002514636,3.977093586941701e-174,-0.013476773410701135,0.0013875719365474609
AA identity,- mean repeat fraction,-0.06831947120083304,3.286531512965642e-59,-0.052365020964112025,1.773583269048143e-35
