x,y,pearson_r,pearson_p,spearman_rho,spearman_p
AA identity,- |GC diff|,0.13910887503019198,1.3e-322,0.23044167405195093,0.0
AA identity,- mean LCR fraction,-0.14768351768358265,0.0,-0.1424104716057128,0.0
AA identity,- mean repeat fraction,0.00839705988354186,0.02106791705804021,-0.025000177443977388,6.475446898515305e-12
