x,y,pearson_r,pearson_p,spearman_rho,spearman_p
AA identity,- |GC diff|,0.5853169092532547,0.0,0.6431140931056981,0.0
AA identity,- mean LCR fraction,0.31055298596037706,0.0,0.267953075351319,0.0
AA identity,- mean repeat fraction,-0.045017106718495625,1.2895740542297564e-37,-0.010676565567054895,0.00237601485576155
