x,y,pearson_r,pearson_p,spearman_rho,spearman_p
AA identity,- |GC diff|,0.421666666489234,0.0,0.46023263546737087,0.0
AA identity,- mean LCR fraction,0.24207862920021395,0.0,0.2715007615350581,0.0
AA identity,- mean repeat fraction,-0.388653033887506,0.0,-0.4299052547961455,0.0
