x,y,pearson_r,pearson_p,spearman_rho,spearman_p
AA identity,- |GC diff|,0.26233240731588725,0.0,0.2562427326980047,0.0
AA identity,- mean LCR fraction,0.18588037592385684,0.0,0.0898081748383647,1.1326096119273948e-137
AA identity,- mean repeat fraction,-0.1015225372739827,1.4627376565234027e-175,-0.09242212977909427,1.0177985359210281e-145
