x,y,pearson_r,pearson_p,spearman_rho,spearman_p
AA identity,- |GC diff|,0.6807389965507977,0.0,0.692360958165788,0.0
AA identity,- mean LCR fraction,-0.20571738848499824,0.0,-0.20647996589475262,0.0
AA identity,- mean repeat fraction,-0.2884547524190029,0.0,-0.3139310978853357,0.0
