x,y,pearson_r,pearson_p,spearman_rho,spearman_p
AA identity,- |GC diff|,0.5746513055382947,0.0,0.5090690288710221,0.0
AA identity,- mean LCR fraction,0.17251054214379644,0.0,0.14888328616771263,0.0
AA identity,- mean repeat fraction,-0.22170619574673578,0.0,-0.2338124675712064,0.0
