x,y,pearson_r,pearson_p,spearman_rho,spearman_p
AA identity,- |GC diff|,0.4235888444613723,0.0,0.4283535679256915,0.0
AA identity,- mean LCR fraction,0.10380472282523036,6.469510248416834e-87,0.0016640572264330024,0.7520605167645988
AA identity,- mean repeat fraction,-0.03205267745165363,1.1518615306475037e-09,0.00703177422032767,0.1818738323247646
