x,y,pearson_r,pearson_p,spearman_rho,spearman_p
AA identity,- |GC diff|,0.4805884592846219,0.0,0.5081730905026045,0.0
AA identity,- mean LCR fraction,0.026582344792777515,2.2993130782149586e-15,-0.004926100688271093,0.1420527835076811
AA identity,- mean repeat fraction,-0.06674182283573499,3.076610162982182e-88,-0.0911509370030826,3.431955287581134e-163
