x,y,pearson_r,pearson_p,spearman_rho,spearman_p
AA identity,- |GC diff|,0.35367780770686774,0.0,0.27055311490325595,0.0
AA identity,- mean LCR fraction,0.03879255363829239,1.1189167854346116e-54,0.051687097799896484,1.1079881743594996e-95
AA identity,- mean repeat fraction,0.2791626645293732,0.0,0.28183369138612563,0.0
