x,y,pearson_r,pearson_p,spearman_rho,spearman_p
AA identity,- |GC diff|,0.5992178124139721,0.0,0.6043078662884817,0.0
AA identity,- mean LCR fraction,0.13254444491104542,1.8829215805194908e-306,0.18880649159287594,0.0
AA identity,- mean repeat fraction,0.0125230555387464,0.00043155218482412305,0.13475239101108857,0.0
