x,y,pearson_r,pearson_p,spearman_rho,spearman_p
AA identity,- |GC diff|,0.1642682245829483,3.3755012992455523e-283,0.20054939013004422,0.0
AA identity,- mean LCR fraction,-0.10926175268859471,1.7095615026928098e-125,-0.16899358970104367,7.72229954165828e-300
AA identity,- mean repeat fraction,0.16369842026681394,3.171821299970968e-281,0.20099645733308075,0.0
