x,y,pearson_r,pearson_p,spearman_rho,spearman_p
AA identity,- |GC diff|,0.46549452414156844,0.0,0.4508487252210791,0.0
AA identity,- mean LCR fraction,0.10357991884751303,4.375284307491267e-291,0.1053024411689865,7.902080835653024e-301
AA identity,- mean repeat fraction,0.0038374322288140814,0.17790596624297478,0.009880009403491206,0.0005229699310935583
