x,y,pearson_r,pearson_p,spearman_rho,spearman_p
AA identity,- |GC diff|,0.661242040757261,0.0,0.6771154060988199,0.0
AA identity,- mean LCR fraction,0.19505925297819202,0.0,-1.890255888519475e-05,0.9960061886838856
AA identity,- mean repeat fraction,-0.07010402303576212,4.10420173887816e-77,0.01962312702729273,2.0271277640164484e-07
