x,y,pearson_r,pearson_p,spearman_rho,spearman_p
AA identity,- |GC diff|,0.3690928742613823,0.0,0.3372813283954356,0.0
AA identity,- mean LCR fraction,-0.005935692451449969,0.017620386164583744,0.026239200735696896,9.208574852852954e-26
AA identity,- mean repeat fraction,0.3128352788333945,0.0,0.4246637800241383,0.0
