x,y,pearson_r,pearson_p,spearman_rho,spearman_p
AA identity,- |GC diff|,0.5049615312435387,0.0,0.40390848754283026,0.0
AA identity,- mean LCR fraction,-0.05771142276455722,8.993357524058268e-109,-0.030550769830777213,9.823873711706378e-32
AA identity,- mean repeat fraction,0.3271736781106619,0.0,0.2772429829087707,0.0
