x,y,pearson_r,pearson_p,spearman_rho,spearman_p
AA identity,- |GC diff|,0.4520891257332288,0.0,0.3977575591346466,0.0
AA identity,- mean LCR fraction,0.21925098051734576,0.0,0.24348868308742241,0.0
AA identity,- mean repeat fraction,0.098940328538468,1.3488326685463086e-264,0.07867541539091269,8.889821598797117e-168
