x,y,pearson_r,pearson_p,spearman_rho,spearman_p
AA identity,- |GC diff|,0.4477512134052478,0.0,0.5179882573150909,0.0
AA identity,- mean LCR fraction,0.011485930789444229,0.00022300233918403394,-0.008580561994896327,0.005822080986085109
AA identity,- mean repeat fraction,0.2573035845431356,0.0,0.3118999457930551,0.0
