x,y,pearson_r,pearson_p,spearman_rho,spearman_p
AA identity,- |GC diff|,0.402108035405047,0.0,0.4233055734923581,0.0
AA identity,- mean LCR fraction,-0.3023402050006166,0.0,-0.34493037642891977,0.0
AA identity,- mean repeat fraction,0.23651821558832806,0.0,0.21103897782101874,0.0
