x,y,pearson_r,pearson_p,spearman_rho,spearman_p
AA identity,- |GC diff|,0.5573695815201292,0.0,0.5706893264646303,0.0
AA identity,- mean LCR fraction,0.07230091911808485,1.049958212006275e-151,0.10083537015566978,7.93436792927302e-294
AA identity,- mean repeat fraction,0.03904112356766633,1.7780546242733778e-45,0.05195998596778865,3.390068217704052e-79
