x,y,pearson_r,pearson_p,spearman_rho,spearman_p
AA identity,- |GC diff|,0.35588155932639226,0.0,0.3525463711139694,0.0
AA identity,- mean LCR fraction,0.013177269451006871,0.0062419880556088755,-0.03697358060625905,1.644746154615629e-14
AA identity,- mean repeat fraction,-0.047073460094064816,1.4479823330861597e-22,0.011593029193513075,0.01612929866974465
