x,y,pearson_r,pearson_p,spearman_rho,spearman_p
AA identity,- |GC diff|,0.6926894665092129,0.0,0.7399217599201601,0.0
AA identity,- mean LCR fraction,0.10129655527896828,1.1532985957644015e-297,0.07091775558264134,1.3971244857148425e-146
AA identity,- mean repeat fraction,-0.07320681020189251,4.338821592258608e-156,-0.08414695143088229,9.670159463600322e-206
