x,y,pearson_r,pearson_p,spearman_rho,spearman_p
AA identity,- |GC diff|,0.3267263854461737,0.0,0.3389725655057747,0.0
AA identity,- mean LCR fraction,0.02685779615670879,6.016270080844246e-30,0.009109300399304727,0.0001156640326827831
AA identity,- mean repeat fraction,-0.19279055923409638,0.0,-0.20523479838354927,0.0
