x,y,pearson_r,pearson_p,spearman_rho,spearman_p
AA identity,- |GC diff|,0.31639064595478983,0.0,0.5051945543411223,0.0
AA identity,- mean LCR fraction,0.3599732646041981,0.0,0.41255847129785667,0.0
AA identity,- mean repeat fraction,-0.0016023377399483744,0.6929531920524695,0.12248110239788738,1.2907983016792486e-201
