x,y,pearson_r,pearson_p,spearman_rho,spearman_p
AA identity,- |GC diff|,0.3039054243835552,0.0,0.27634303157482076,0.0
AA identity,- mean LCR fraction,0.28192906799694806,0.0,0.2637703555390496,0.0
AA identity,- mean repeat fraction,0.4090105268587668,0.0,0.4271189203208438,0.0
