x,y,pearson_r,pearson_p,spearman_rho,spearman_p
AA identity,- |GC diff|,0.5461307456510464,0.0,0.5763161759252905,0.0
AA identity,- mean LCR fraction,0.03360736473885599,6.90009729622721e-44,0.03900987480586099,1.597155154177674e-58
AA identity,- mean repeat fraction,0.024973906567557935,5.5264193460009355e-25,-0.014847287718035593,8.423568200361333e-10
