x,y,pearson_r,pearson_p,spearman_rho,spearman_p
AA identity,- |GC diff|,0.5992178124139722,0.0,0.6043078662884817,0.0
AA identity,- mean LCR fraction,0.13254444491104542,1.882921580592259e-306,0.18880649159287594,0.0
AA identity,- mean repeat fraction,0.012523055538746405,0.0004315521848427747,0.13475239101108857,0.0
